county_fips,county,state,date,avg_temp_f,max_temp_f,avg_wind_mph,max_wind_mph,humidity
6037,Los Angeles,CA,2026-05-07,68.33333333333333,77,7.777777777777778,10,
6037,Los Angeles,CA,2026-05-08,65.5,77,3.5416666666666665,10,63.6
6037,Los Angeles,CA,2026-05-09,68.54166666666667,82,3.75,10,71.5
6037,Los Angeles,CA,2026-05-10,69.29166666666667,83,3.75,10,80.2
6037,Los Angeles,CA,2026-05-11,71.58333333333333,86,3.125,10,62.7
6037,Los Angeles,CA,2026-05-12,68.375,80,3.9583333333333335,10,62.7
6037,Los Angeles,CA,2026-05-13,66.125,77,4.166666666666667,10,80.8
6037,Los Angeles,CA,2026-05-14,60.0,61,0.0,0,72.7
6053,Monterey,CA,2026-05-07,58.333333333333336,62,13.11111111111111,14,70.3
6053,Monterey,CA,2026-05-08,56.54166666666666,61,12.083333333333334,16,80.4
6053,Monterey,CA,2026-05-09,57.083333333333336,61,10.75,16,
6053,Monterey,CA,2026-05-10,57.29166666666666,62,11.208333333333334,15,70.3
6053,Monterey,CA,2026-05-11,59.25,66,3.4166666666666665,7,77.4
6053,Monterey,CA,2026-05-12,59.458333333333336,65,4.333333333333333,9,55.9
6053,Monterey,CA,2026-05-13,58.625,64,6.875,12,57.8
6053,Monterey,CA,2026-05-14,55.333333333333336,56,2.6666666666666665,3,69.4
6059,Orange,CA,2026-05-07,70.22222222222223,78,7.777777777777778,10,56.9
6059,Orange,CA,2026-05-08,66.83333333333333,78,5.625,10,70.1
6059,Orange,CA,2026-05-09,68.20833333333333,80,3.9583333333333335,10,
6059,Orange,CA,2026-05-10,69.20833333333333,82,3.125,10,52.9
6059,Orange,CA,2026-05-11,70.25,83,3.75,10,81.7
6059,Orange,CA,2026-05-12,69.0,80,4.375,10,64.7
6059,Orange,CA,2026-05-13,67.20833333333333,78,3.75,10,
6059,Orange,CA,2026-05-14,60.0,61,0.0,0,52.8
6073,San Diego,CA,2026-05-07,65.875,73,5.0,10,63.6
6073,San Diego,CA,2026-05-08,64.70833333333333,75,3.333333333333333,10,70.1
6073,San Diego,CA,2026-05-09,65.5,76,3.75,10,57.5
6073,San Diego,CA,2026-05-10,66.25,78,3.333333333333333,10,72.8
6073,San Diego,CA,2026-05-11,67.0,79,3.75,10,
6073,San Diego,CA,2026-05-12,66.16666666666667,77,4.375,10,66.1
6073,San Diego,CA,2026-05-13,65.45833333333333,76,4.583333333333333,10,
6073,San Diego,CA,2026-05-14,58.0,59,5.0,5,
6075,San Francisco,CA,2026-05-07,60.22222222222222,66,12.333333333333334,14,74.9
6075,San Francisco,CA,2026-05-08,59.708333333333336,68,8.875,13,64.4
6075,San Francisco,CA,2026-05-09,61.66666666666666,71,7.208333333333333,14,83.2
6075,San Francisco,CA,2026-05-10,61.79166666666666,72,7.208333333333333,10,62.8
6075,San Francisco,CA,2026-05-11,65.20833333333333,80,4.791666666666667,9,77.1
6075,San Francisco,CA,2026-05-12,64.79166666666667,76,6.125,12,55.4
6075,San Francisco,CA,2026-05-13,63.54166666666666,73,8.583333333333334,12,61.7
6075,San Francisco,CA,2026-05-14,57.66666666666666,58,6.666666666666667,7,77.0
6079,San Luis Obispo,CA,2026-05-07,60.44444444444444,72,9.444444444444445,10,72.4
6079,San Luis Obispo,CA,2026-05-08,66.20833333333333,82,8.75,15,66.7
6079,San Luis Obispo,CA,2026-05-09,68.79166666666667,85,8.541666666666666,15,63.8
6079,San Luis Obispo,CA,2026-05-10,69.29166666666667,85,3.75,10,62.0
6079,San Luis Obispo,CA,2026-05-11,69.75,83,2.5,10,50.2
6079,San Luis Obispo,CA,2026-05-12,67.25,77,4.375,10,57.8
6079,San Luis Obispo,CA,2026-05-13,63.583333333333336,73,4.375,10,60.4
6079,San Luis Obispo,CA,2026-05-14,56.66666666666666,57,0.0,0,75.6
6081,San Mateo,CA,2026-05-07,62.11111111111112,69,9.666666666666666,12,78.4
6081,San Mateo,CA,2026-05-08,59.54166666666666,68,8.958333333333334,13,57.4
6081,San Mateo,CA,2026-05-09,61.41666666666666,72,7.375,14,78.2
6081,San Mateo,CA,2026-05-10,61.708333333333336,74,7.0,9,71.1
6081,San Mateo,CA,2026-05-11,66.95833333333333,84,2.958333333333333,7,68.2
6081,San Mateo,CA,2026-05-12,66.79166666666667,80,3.875,9,81.1
6081,San Mateo,CA,2026-05-13,64.29166666666667,76,5.541666666666667,10,85.3
6081,San Mateo,CA,2026-05-14,57.0,58,3.0,3,84.3
6083,Santa Barbara,CA,2026-05-07,69.0,75,6.111111111111111,10,58.6
6083,Santa Barbara,CA,2026-05-08,64.29166666666667,74,4.375,5,63.9
6083,Santa Barbara,CA,2026-05-09,65.33333333333333,75,3.5416666666666665,5,70.3
6083,Santa Barbara,CA,2026-05-10,65.33333333333333,76,1.875,5,76.8
6083,Santa Barbara,CA,2026-05-11,67.33333333333333,78,1.875,5,62.2
6083,Santa Barbara,CA,2026-05-12,64.91666666666667,73,1.875,5,65.1
6083,Santa Barbara,CA,2026-05-13,63.083333333333336,71,3.125,10,55.9
6083,Santa Barbara,CA,2026-05-14,58.0,59,0.0,0,55.0
6087,Santa Cruz,CA,2026-05-07,66.22222222222223,75,6.333333333333333,9,85.1
6087,Santa Cruz,CA,2026-05-08,60.0,74,5.25,10,90.6
6087,Santa Cruz,CA,2026-05-09,60.833333333333336,76,4.625,9,76.3
6087,Santa Cruz,CA,2026-05-10,61.125,76,4.333333333333333,8,87.0
6087,Santa Cruz,CA,2026-05-11,63.583333333333336,80,1.3333333333333333,5,80.6
6087,Santa Cruz,CA,2026-05-12,63.625,77,2.0,6,70.5
6087,Santa Cruz,CA,2026-05-13,61.208333333333336,73,2.9166666666666665,7,
6087,Santa Cruz,CA,2026-05-14,54.0,55,0.6666666666666666,1,92.4
6111,Ventura,CA,2026-05-07,65.22222222222223,70,7.777777777777778,10,65.6
6111,Ventura,CA,2026-05-08,62.625,68,4.166666666666667,10,81.6
6111,Ventura,CA,2026-05-09,63.54166666666666,71,3.125,10,39.8
6111,Ventura,CA,2026-05-10,63.91666666666666,72,1.875,5,74.2
6111,Ventura,CA,2026-05-11,66.20833333333333,76,2.5,5,66.9
6111,Ventura,CA,2026-05-12,63.708333333333336,70,3.75,10,63.0
6111,Ventura,CA,2026-05-13,61.79166666666666,68,4.375,10,66.9
6111,Ventura,CA,2026-05-14,58.0,59,0.0,0,46.1
